name,email,industry,phone
Nancy Solutions Services,nancysolutionsservic@gmail.com,,(770) 171-3437
Pro Installation,proinstallation@outlook.com,,(770) 847-7095
Kate Services Services,kateservicesservices@gmail.com,,(770) 707-9296
Pro Cleaning,procleaning@outlook.com,,(678) 445-3344
Jenny's Pros,jennyspros@yahoo.com,,(770) 597-7415
Jenny's Services,jennysservices@yahoo.com,,(470) 960-1715
Tom's Plumbing,tomsplumbing@gmail.com,,(470) 179-4771
Tony's Pros,tonyspros@yahoo.com,,(470) 620-1086
Mega Cleaning Co,megacleaningco@outlook.com,,(678) 919-5946
Pro Pros,propros@hotmail.com,,(770) 438-5717
Pro Solutions,prosolutions@gmail.com,,(678) 154-9569
Pro Experts,proexperts@outlook.com,,(678) 389-4898
Premium Experts Co,premiumexpertsco@outlook.com,,(470) 763-3849
Pro Services,proservices@yahoo.com,,(470) 635-2599
Neighborhood Installation Co,neighborhoodinstalla@gmail.com,,(770) 611-3203
Neighborhood Experts Co,neighborhoodexpertsc@yahoo.com,,(770) 924-8907
Carol Solutions Services,carolsolutionsservic@gmail.com,,(470) 619-8787
Local Repair Co,localrepairco@yahoo.com,,(470) 920-3873
Select Electric Co,selectelectricco@outlook.com,,(678) 697-6572
Main Services Co,mainservicesco@yahoo.com,,(770) 447-1693
Pro Pros,propros@gmail.com,,(404) 609-8766
Linda Pros Services,lindaprosservices@yahoo.com,,(678) 955-8889
Diana's Installation,dianasinstallation@yahoo.com,,(678) 838-3939
Joe Experts Services,joeexpertsservices@hotmail.com,,(770) 748-4524
Main Services Co,mainservicesco@hotmail.com,,(404) 304-8218
Sal's Plumbing,salsplumbing@yahoo.com,,(770) 853-1129
Prime Services Co,primeservicesco@yahoo.com,,(678) 541-1314
Prime Installation Co,primeinstallationco@yahoo.com,,(678) 525-3805
Linda's Repair,lindasrepair@gmail.com,,(404) 131-7569
Pro Services Co,proservicesco@gmail.com,,(470) 745-3800
